<?xml version="1.0" encoding="UTF-8"?>
<project-private xmlns="http://www.netbeans.org/ns/project-private/1">
    <editor-bookmarks xmlns="http://www.netbeans.org/ns/editor-bookmarks/2" lastBookmarkId="0"/>
    <open-files xmlns="http://www.netbeans.org/ns/projectui-open-files/2">
        <group>
            <file>file:/D:/HOC%20TAP/Lap%20trinh%20nang%20cao/quanlybanhang/src/Controller/SanPhamController.java</file>
            <file>file:/D:/HOC%20TAP/Lap%20trinh%20nang%20cao/quanlybanhang/src/view/Home.java</file>
            <file>file:/D:/HOC%20TAP/Lap%20trinh%20nang%20cao/quanlybanhang/src/Controller/DonHangControler.java</file>
            <file>file:/D:/HOC%20TAP/Lap%20trinh%20nang%20cao/quanlybanhang/src/view/SuaKhachHang.java</file>
            <file>file:/D:/HOC%20TAP/Lap%20trinh%20nang%20cao/quanlybanhang/src/Controller/KhachHangController.java</file>
            <file>file:/D:/HOC%20TAP/Lap%20trinh%20nang%20cao/quanlybanhang/src/view/DangNhap.java</file>
            <file>file:/D:/HOC%20TAP/Lap%20trinh%20nang%20cao/quanlybanhang/src/view/ThemSanPham.java</file>
        </group>
    </open-files>
</project-private>
